candidate_name,type,pdb_id_b,resolution_b,resolution_method_b,ab_chain_ids_b,ag_chain_ids_b,ab_pdb_id_u,ab_resolution_u,ab_resolution_method_u,ab_chain_ids_u,ag_pdb_id_u,ag_resolution_u,ag_resolution_method_u,ag_chain_ids_u,ab_mismatches_cnt,ag_mismatches_cnt,small_molecules_message,in_between_gaps_b,one_side_gaps_b,long_gaps_b,total_gaps_b,in_between_gaps_u,one_side_gaps_u,long_gaps_u,total_gaps_u,ca_rmsds,ncac_rmsds,all_atoms_rmsds
3tt1_H+L|B_3,B:U,3TT1,3.1,xray,H:L,B,3tt1,3.1,xray,H:L,3F48,1.9,xray,A,0,2,small molecules with n_atoms > 15 detected,0,0,0,0,0,0,0,0,NA,NA,NA
3tt1_I+M|A_0,B:U,3TT1,3.1,xray,I:M,A,3tt1,3.1,xray,I:M,3GJD,2.0,xray,A,0,2,small molecules with n_atoms > 15 detected,0,0,0,0,0,0,0,0,NA,NA,NA
3tt1_I+M|A_4,B:U,3TT1,3.1,xray,I:M,A,3tt1,3.1,xray,I:M,3F3E,1.8,xray,A,0,2,small molecules with n_atoms > 15 detected,0,0,0,0,0,0,0,0,NA,NA,NA
3tt1_H+L|B_1,B:U,3TT1,3.1,xray,H:L,B,3tt1,3.1,xray,H:L,3F4I,1.95,xray,A,0,2,small molecules with n_atoms > 15 detected,0,0,0,0,0,0,0,0,NA,NA,NA
3tt1_H+L|B_2,B:U,3TT1,3.1,xray,H:L,B,3tt1,3.1,xray,H:L,2QEI,1.85,xray,A,0,2,small molecules with n_atoms > 15 detected,0,0,0,0,0,0,0,0,NA,NA,NA
3tt1_H+L|B_4,B:U,3TT1,3.1,xray,H:L,B,3tt1,3.1,xray,H:L,3F3E,1.8,xray,A,0,2,small molecules with n_atoms > 15 detected,0,0,0,0,0,0,0,0,NA,NA,NA
3tt1_I+M|A_1,B:U,3TT1,3.1,xray,I:M,A,3tt1,3.1,xray,I:M,3F4I,1.95,xray,A,0,2,small molecules with n_atoms > 15 detected,0,0,0,0,0,0,0,0,NA,NA,NA
3tt1_I+M|A_2,B:U,3TT1,3.1,xray,I:M,A,3tt1,3.1,xray,I:M,3F48,1.9,xray,A,0,2,small molecules with n_atoms > 15 detected,0,0,0,0,0,0,0,0,NA,NA,NA
3tt1_I+M|A_3,B:U,3TT1,3.1,xray,I:M,A,3tt1,3.1,xray,I:M,3F3A,2.0,xray,A,0,2,small molecules with n_atoms > 15 detected,0,0,0,0,0,0,0,0,NA,NA,NA
