comp_name,candidate_id,in_between,one_side,long,total
6nip_H:L|Z,0,0,0,0,1
6nip_H:L|Z,1,0,0,0,3
3ulu_D:C|A,0,0,1,1,5
3ulu_D:C|A,1,0,1,1,6
3ulu_D:C|A,2,0,1,1,6
3ulu_D:C|A,3,0,1,1,7
1vfb_B:A|C,0,0,0,0,0
1vfb_B:A|C,1,0,0,0,0
1vfb_B:A|C,2,0,0,0,0
1vfb_B:A|C,3,0,0,0,0
1vfb_B:A|C,4,0,0,0,1
1vfb_B:A|C,5,0,0,0,1
1vfb_B:A|C,6,0,0,0,1
1vfb_B:A|C,7,0,0,0,1
1vfb_B:A|C,8,0,0,0,0
1vfb_B:A|C,9,0,0,0,0
1vfb_B:A|C,10,0,0,0,0
1vfb_B:A|C,11,0,0,0,0
1vfb_B:A|C,12,0,0,0,0
1vfb_B:A|C,13,0,0,0,0
1vfb_B:A|C,14,0,0,0,0
1vfb_B:A|C,15,0,0,0,0
1vfb_B:A|C,16,0,0,0,0
1vfb_B:A|C,17,0,0,0,0
1vfb_B:A|C,18,0,0,0,0
1vfb_B:A|C,19,0,0,0,0
6mfp_H:L|G,0,0,2,0,7
6mfp_H:L|G,1,0,2,0,7
6mfp_H:L|G,2,0,2,0,7
6mfp_H:L|G,3,0,2,0,7
6s3t_N:M|A,0,0,1,3,8
6s3t_N:M|A,1,0,1,3,9
6s3t_N:M|A,2,0,1,3,8
6s3t_N:M|A,3,0,1,3,9
6s3t_N:M|A,4,0,1,3,11
6s3t_N:M|A,5,0,1,3,12
6s3t_N:M|A,6,0,1,3,8
6s3t_N:M|A,7,0,1,3,9
6s3t_N:M|A,8,0,1,3,8
6s3t_N:M|A,9,0,1,3,9
6s3t_N:M|A,10,0,1,3,12
6s3t_N:M|A,11,0,1,3,13
5x0t_A:B|E,0,0,1,2,6
5x0t_A:B|E,1,0,1,2,6
5x0t_A:B|E,2,0,1,2,6
5x0t_A:B|E,3,0,1,2,6
5x0t_A:B|E,4,0,3,2,7
5x0t_A:B|E,5,0,3,2,7
6pz8_C:G|J,0,0,0,0,5
6pz8_C:G|J,1,0,0,0,4
6pz8_C:G|J,2,0,0,0,5
6pz8_C:G|J,3,0,0,0,5
6pz8_C:G|J,12,0,0,0,5
6pz8_C:G|J,13,0,0,0,4
6pz8_C:G|J,14,0,0,0,5
6pz8_C:G|J,15,0,0,0,5
4i2x_D:C|F,0,0,2,0,6
4i2x_D:C|F,1,0,2,0,5
3eob_H:L|I,0,0,0,0,4
3eob_H:L|I,1,0,0,0,2
3eob_H:L|I,2,0,0,0,3
3eob_H:L|I,3,0,0,0,3
3eob_H:L|I,4,0,0,0,3
4dn4_H:L|M,0,0,0,0,5
4m5z_H:L|A,0,0,0,0,3
4m5z_H:L|A,1,0,0,0,2
4m5z_H:L|A,2,0,0,0,3
4m5z_H:L|A,3,0,0,0,2
4m5z_H:L|A,4,0,0,0,3
4m5z_H:L|A,5,0,0,0,2
4m5z_H:L|A,6,0,0,0,3
4m5z_H:L|A,7,0,0,0,2
4m5z_H:L|A,8,0,0,0,4
4m5z_H:L|A,9,0,0,0,3
4m5z_H:L|A,10,0,0,0,4
4m5z_H:L|A,11,0,0,0,3
1jps_H:L|T,0,0,0,0,6
1jps_H:L|T,1,1,1,0,10
5nh3_I:M|B,0,1,1,1,6
5nh3_I:M|B,1,0,2,1,6
6pxh_C:D|A,0,0,0,0,5
6pxh_C:D|A,1,0,0,0,4
6pxh_C:D|A,2,0,0,0,5
6pxh_C:D|A,3,0,0,0,5
1g7i_B:A|C,0,0,0,0,0
1g7i_B:A|C,1,0,0,0,0
1g7i_B:A|C,2,0,0,0,0
1g7i_B:A|C,3,0,0,0,0
1g7i_B:A|C,4,0,0,0,1
1g7i_B:A|C,5,0,0,0,1
1g7i_B:A|C,6,0,0,0,1
1g7i_B:A|C,7,0,0,0,1
1g7i_B:A|C,8,0,0,0,0
1g7i_B:A|C,9,0,0,0,0
1g7i_B:A|C,10,0,0,0,0
1g7i_B:A|C,11,0,0,0,0
1g7i_B:A|C,12,0,0,0,0
1g7i_B:A|C,13,0,0,0,0
1g7i_B:A|C,14,0,0,0,0
1g7i_B:A|C,15,0,0,0,0
1g7i_B:A|C,16,0,0,0,0
1g7i_B:A|C,17,0,0,0,0
1g7i_B:A|C,18,0,0,0,0
1g7i_B:A|C,19,0,0,0,0
6a77_H:L|A,0,0,0,0,2
3eoa_H:L|I,0,0,0,0,4
3eoa_H:L|I,1,0,0,0,2
3eoa_H:L|I,2,0,0,0,3
3eoa_H:L|I,3,0,0,0,3
3eoa_H:L|I,4,0,0,0,3
1s78_F:E|B,0,0,0,0,3
1s78_F:E|B,1,0,0,0,4
1s78_F:E|B,2,0,0,0,4
1s78_F:E|B,3,0,0,0,3
1s78_F:E|B,4,0,0,0,2
5vl3_H:L|Q,0,0,0,0,2
5vl3_H:L|Q,1,0,1,0,3
5vl3_H:L|Q,2,0,0,0,4
5vl3_H:L|Q,3,0,1,0,5
4ogy_H:L|A,0,3,2,1,8
4ogy_H:L|A,1,3,1,0,7
4ogy_H:L|A,2,3,2,0,11
4ogy_H:L|A,3,3,1,0,7
4ogy_H:L|A,4,3,2,1,9
6pz8_D:K|F,0,0,0,0,5
6pz8_D:K|F,1,0,0,0,4
6pz8_D:K|F,2,0,0,0,5
6pz8_D:K|F,3,0,0,0,5
6pz8_D:K|F,12,0,0,0,5
6pz8_D:K|F,13,0,0,0,4
6pz8_D:K|F,14,0,0,0,5
6pz8_D:K|F,15,0,0,0,5
5tru_H:L|C,0,0,0,0,3
6hx4_H:L|B,0,0,0,1,5
6hx4_H:L|B,1,0,0,0,5
6hx4_H:L|B,2,0,0,0,6
4etq_H:L|C,0,1,1,1,5
5ugy_I:M|C,0,0,1,0,4
5ugy_I:M|C,1,0,1,0,7
5o1r_H:L|A,0,0,0,2,3
5o1r_H:L|A,1,0,1,2,4
5o1r_H:L|A,2,0,0,2,4
4ogx_H:L|A,0,3,2,1,8
4ogx_H:L|A,1,3,1,0,7
4ogx_H:L|A,2,3,2,0,11
4ogx_H:L|A,3,3,1,0,7
4ogx_H:L|A,4,3,2,1,9
1g7l_B:A|C,0,0,0,0,0
1g7l_B:A|C,1,0,0,0,0
1g7l_B:A|C,2,0,0,0,0
1g7l_B:A|C,3,0,0,0,0
1g7l_B:A|C,4,0,0,0,1
1g7l_B:A|C,5,0,0,0,1
1g7l_B:A|C,6,0,0,0,1
1g7l_B:A|C,7,0,0,0,1
1g7l_B:A|C,8,0,0,0,0
1g7l_B:A|C,9,0,0,0,0
1g7l_B:A|C,10,0,0,0,0
1g7l_B:A|C,11,0,0,0,0
1g7l_B:A|C,12,0,0,0,0
1g7l_B:A|C,13,0,0,0,0
1g7l_B:A|C,14,0,0,0,0
1g7l_B:A|C,15,0,0,0,0
1g7l_B:A|C,16,0,0,0,0
1g7l_B:A|C,17,0,0,0,0
1g7l_B:A|C,18,0,0,0,0
1g7l_B:A|C,19,0,0,0,0
6niu_I:J|A,0,0,0,0,3
1mlc_B:A|E,0,0,0,0,0
1mlc_B:A|E,1,1,0,0,1
1mlc_B:A|E,2,0,0,0,0
1mlc_B:A|E,3,0,0,0,0
1mlc_B:A|E,4,0,0,0,0
3l5w_B:A|J,0,0,0,0,3
3l5w_B:A|J,1,0,0,0,3
5ggv_H:L|Y,0,0,0,0,3
5ggv_H:L|Y,1,0,0,0,3
1bgx_H:L|T,0,0,1,0,1
6a4k_I:M|B,0,0,0,0,0
6a4k_I:M|B,1,0,0,0,0
6a4k_I:M|B,2,0,0,0,0
6a4k_I:M|B,3,0,0,0,0
6a4k_I:M|B,4,0,0,0,1
6a4k_I:M|B,5,0,0,0,1
4m7l_H:L|T,0,0,1,0,4
4m7l_H:L|T,1,1,2,0,8
5ggr_H:L|Z,0,0,1,1,5
5ggr_H:L|Z,1,0,1,1,4
5ggr_H:L|Z,2,0,1,1,3
5ggr_H:L|Z,3,1,2,1,7
6s3t_R:Q|B,0,0,1,3,8
6s3t_R:Q|B,1,0,1,3,9
6s3t_R:Q|B,2,0,1,3,8
6s3t_R:Q|B,3,0,1,3,9
6s3t_R:Q|B,4,0,1,3,11
6s3t_R:Q|B,5,0,1,3,12
6s3t_R:Q|B,6,0,1,3,8
6s3t_R:Q|B,7,0,1,3,9
6s3t_R:Q|B,8,0,1,3,8
6s3t_R:Q|B,9,0,1,3,9
6s3t_R:Q|B,10,0,1,3,12
6s3t_R:Q|B,11,0,1,3,13
6niu_H:L|Z,0,0,0,0,3
1ahw_E:D|F,0,0,0,0,3
1ahw_E:D|F,1,1,2,0,7
6bpc_B:C|A,0,0,0,3,7
6bpc_B:C|A,1,0,0,3,7
1xgr_B:A|C,0,0,0,0,0
1xgr_B:A|C,1,0,0,0,0
1xgr_B:A|C,2,0,1,0,1
1xgr_B:A|C,3,0,1,0,1
1xgr_B:A|C,4,0,1,0,1
1xgr_B:A|C,5,0,2,0,2
1xgr_B:A|C,6,0,0,0,0
1xgr_B:A|C,7,0,0,0,0
1xgr_B:A|C,8,0,1,0,1
1xgr_B:A|C,9,0,0,0,0
1xgr_B:A|C,10,0,0,0,0
1xgr_B:A|C,11,0,1,0,1
1xgr_B:A|C,12,0,0,0,0
1xgr_B:A|C,13,0,0,0,0
1xgr_B:A|C,14,0,1,0,1
3hmx_H:L|A,0,0,0,0,4
6qex_C:B|A,0,0,1,3,4
2nz9_D:C|A,0,0,1,0,3
2nz9_D:C|A,4,0,1,0,2
4qti_H:L|U,0,0,1,0,2
4qti_H:L|U,1,0,1,0,5
5vco_B:A|F,0,0,0,0,2
5vco_B:A|F,1,0,0,0,2
5vco_B:A|F,2,0,0,0,4
6niu_F:G|B,0,0,0,0,3
1a2y_B:A|C,0,0,0,0,0
1a2y_B:A|C,1,0,0,0,0
1a2y_B:A|C,2,0,0,0,0
1a2y_B:A|C,3,0,0,0,0
1a2y_B:A|C,4,0,0,0,1
1a2y_B:A|C,5,0,0,0,1
1a2y_B:A|C,6,0,0,0,1
1a2y_B:A|C,7,0,0,0,1
1a2y_B:A|C,8,0,0,0,0
1a2y_B:A|C,9,0,0,0,0
1a2y_B:A|C,10,0,0,0,0
1a2y_B:A|C,11,0,0,0,0
1a2y_B:A|C,12,0,0,0,0
1a2y_B:A|C,13,0,0,0,0
1a2y_B:A|C,14,0,0,0,0
1a2y_B:A|C,15,0,0,0,0
1a2y_B:A|C,16,0,0,0,0
1a2y_B:A|C,17,0,0,0,0
1a2y_B:A|C,18,0,0,0,0
1a2y_B:A|C,19,0,0,0,0
1nby_B:A|C,0,0,0,0,0
1nby_B:A|C,1,0,0,0,0
1nby_B:A|C,2,0,1,0,1
1nby_B:A|C,3,0,1,0,1
1nby_B:A|C,4,1,0,0,1
1nby_B:A|C,5,0,2,0,2
1nby_B:A|C,6,0,0,0,0
1nby_B:A|C,7,0,0,0,0
1nby_B:A|C,8,0,1,0,1
1nby_B:A|C,9,0,0,0,0
1nby_B:A|C,10,0,0,0,0
1nby_B:A|C,11,0,1,0,1
1nby_B:A|C,12,0,0,0,0
1nby_B:A|C,13,0,0,0,0
1nby_B:A|C,14,0,1,0,1
5grj_H:L|A,0,0,0,0,3
1g7m_B:A|C,0,0,0,0,0
1g7m_B:A|C,1,0,0,0,0
1g7m_B:A|C,2,0,0,0,0
1g7m_B:A|C,3,0,0,0,0
1g7m_B:A|C,4,0,0,0,1
1g7m_B:A|C,5,0,0,0,1
1g7m_B:A|C,6,0,0,0,1
1g7m_B:A|C,7,0,0,0,1
1g7m_B:A|C,8,0,0,0,0
1g7m_B:A|C,9,0,0,0,0
1g7m_B:A|C,10,0,0,0,0
1g7m_B:A|C,11,0,0,0,0
1g7m_B:A|C,12,0,0,0,0
1g7m_B:A|C,13,0,0,0,0
1g7m_B:A|C,14,0,0,0,0
1g7m_B:A|C,15,0,0,0,0
1g7m_B:A|C,16,0,0,0,0
1g7m_B:A|C,17,0,0,0,0
1g7m_B:A|C,18,0,0,0,0
1g7m_B:A|C,19,0,0,0,0
6rcv_J:I|F,0,2,1,3,10
6mfp_C:D|A,0,0,2,0,7
6mfp_C:D|A,1,0,2,0,7
6mfp_C:D|A,2,0,2,0,7
6mfp_C:D|A,3,0,2,0,7
5vl3_C:D|S,0,0,0,0,2
5vl3_C:D|S,1,0,1,0,3
5vl3_C:D|S,2,0,0,0,4
5vl3_C:D|S,3,0,1,0,5
1g7h_B:A|C,0,0,0,0,0
1g7h_B:A|C,1,0,0,0,0
1g7h_B:A|C,2,0,0,0,0
1g7h_B:A|C,3,0,0,0,0
1g7h_B:A|C,4,0,0,0,1
1g7h_B:A|C,5,0,0,0,1
1g7h_B:A|C,6,0,0,0,1
1g7h_B:A|C,7,0,0,0,1
1g7h_B:A|C,8,0,0,0,0
1g7h_B:A|C,9,0,0,0,0
1g7h_B:A|C,10,0,0,0,0
1g7h_B:A|C,11,0,0,0,0
1g7h_B:A|C,12,0,0,0,0
1g7h_B:A|C,13,0,0,0,0
1g7h_B:A|C,14,0,0,0,0
1g7h_B:A|C,15,0,0,0,0
1g7h_B:A|C,16,0,0,0,0
1g7h_B:A|C,17,0,0,0,0
1g7h_B:A|C,18,0,0,0,0
1g7h_B:A|C,19,0,0,0,0
5wt9_H:L|G,0,0,1,1,5
5wt9_H:L|G,1,0,1,1,4
5wt9_H:L|G,2,0,1,1,3
5wt9_H:L|G,3,1,2,1,7
4dqo_H:L|C,0,1,0,3,10
4dqo_H:L|C,1,1,0,3,10
4dqo_H:L|C,2,1,0,3,10
4dqo_H:L|C,3,1,0,3,10
4dqo_H:L|C,4,1,0,3,10
4dqo_H:L|C,5,1,0,3,10
4dqo_H:L|C,6,1,0,3,8
4dqo_H:L|C,7,2,2,3,8
4dqo_H:L|C,8,1,0,3,6
4dqo_H:L|C,9,1,0,3,8
4g6j_H:L|A,0,0,1,0,2
4g6j_H:L|A,1,0,2,0,4
4g6j_H:L|A,2,0,2,0,4
4g6j_H:L|A,3,0,2,0,5
4g6j_H:L|A,4,0,2,0,4
4g6j_H:L|A,5,0,0,0,1
4g6j_H:L|A,6,0,1,0,3
4g6j_H:L|A,7,0,1,0,3
4g6j_H:L|A,8,0,1,0,4
4g6j_H:L|A,9,0,1,0,3
4g6j_H:L|A,10,0,0,0,1
4g6j_H:L|A,11,0,1,0,3
4g6j_H:L|A,12,0,1,0,3
4g6j_H:L|A,13,0,1,0,4
4g6j_H:L|A,14,0,1,0,3
4g6j_H:L|A,15,0,1,0,1
4g6j_H:L|A,16,0,2,0,3
4g6j_H:L|A,17,0,2,0,3
4g6j_H:L|A,18,0,2,0,4
4g6j_H:L|A,19,0,2,0,3
4g6j_H:L|A,20,0,1,0,4
4g6j_H:L|A,21,0,2,0,6
4g6j_H:L|A,22,0,2,0,6
4g6j_H:L|A,23,0,2,0,7
4g6j_H:L|A,24,0,2,0,6
3jab_H:L|C,0,0,0,0,2
3jab_H:L|C,1,0,0,0,2
3jab_H:L|C,2,0,0,0,2
3jab_H:L|C,3,0,0,0,2
3jab_H:L|C,4,0,0,0,2
3jab_H:L|C,5,0,0,0,2
3jab_H:L|C,6,0,0,0,2
3jab_H:L|C,7,0,0,0,2
3mxw_H:L|A,0,0,0,0,4
3mxw_H:L|A,1,0,0,0,3
3mxw_H:L|A,2,0,0,0,4
3mxw_H:L|A,3,0,0,0,4
3mxw_H:L|A,4,0,0,0,3
3hi6_H:L|A,0,0,1,0,4
3hi6_H:L|A,1,0,1,0,2
3hi6_H:L|A,2,0,1,0,3
3hi6_H:L|A,3,0,1,0,3
3hi6_H:L|A,4,0,1,0,3
3ulv_H:L|A,0,0,0,1,2
3ulv_H:L|A,1,0,0,1,2
3ulv_H:L|A,2,0,0,1,2
3ulv_H:L|A,3,0,0,1,2
3ulv_H:L|A,4,0,0,1,4
3ulv_H:L|A,5,0,0,1,3
3ulv_H:L|A,6,0,0,1,3
3ulv_H:L|A,7,0,0,1,3
3ulv_H:L|A,8,0,0,1,3
3ulv_H:L|A,9,0,0,1,5
1xgq_B:A|C,0,0,0,0,0
1xgq_B:A|C,1,0,0,0,0
1xgq_B:A|C,2,0,1,0,1
1xgq_B:A|C,3,0,0,0,0
1xgq_B:A|C,4,0,0,0,0
1xgq_B:A|C,5,0,1,0,1
1xgq_B:A|C,6,0,0,0,0
1xgq_B:A|C,7,0,0,0,0
1xgq_B:A|C,8,0,1,0,1
1xgq_B:A|C,9,0,0,0,0
1xgq_B:A|C,10,0,0,0,0
1xgq_B:A|C,11,0,1,0,1
1xgq_B:A|C,12,0,0,0,0
1xgq_B:A|C,13,0,0,0,0
1xgq_B:A|C,14,0,1,0,1
6s3t_D:C|S,0,0,1,3,8
6s3t_D:C|S,1,0,1,3,9
6s3t_D:C|S,2,0,1,3,8
6s3t_D:C|S,3,0,1,3,9
6s3t_D:C|S,4,0,1,3,11
6s3t_D:C|S,5,0,1,3,12
6s3t_D:C|S,6,0,1,3,8
6s3t_D:C|S,7,0,1,3,9
6s3t_D:C|S,8,0,1,3,8
6s3t_D:C|S,9,0,1,3,9
6s3t_D:C|S,10,0,1,3,12
6s3t_D:C|S,11,0,1,3,13
2w9e_H:L|A,0,0,1,0,2
2w9e_H:L|A,1,0,1,1,5
2w9e_H:L|A,2,1,1,1,5
2w9e_H:L|A,3,0,2,1,5
2w9e_H:L|A,4,0,2,1,5
3l5x_H:L|A,0,0,0,0,3
3l5x_H:L|A,1,0,0,0,3
3l5x_H:L|A,2,0,0,0,3
6rcv_H:G|F,0,1,2,2,8
3hi6_X:Y|B,0,0,1,0,4
3hi6_X:Y|B,1,0,1,0,2
3hi6_X:Y|B,2,0,1,0,3
3hi6_X:Y|B,3,0,0,0,3
3hi6_X:Y|B,4,0,0,0,3
5gs0_D:C|A,0,0,1,1,5
5gs0_D:C|A,1,0,1,1,6
5gs0_D:C|A,2,0,1,1,6
5gs0_D:C|A,3,0,1,1,7
6bpc_E:F|D,0,0,0,3,7
6bpc_E:F|D,1,0,0,3,7
1dqj_B:A|C,0,0,0,0,0
1dqj_B:A|C,1,0,0,0,0
1dqj_B:A|C,2,0,1,0,1
1dqj_B:A|C,3,0,0,0,0
1dqj_B:A|C,4,0,0,0,0
1dqj_B:A|C,5,0,1,0,1
1dqj_B:A|C,6,0,0,0,0
1dqj_B:A|C,7,0,0,0,0
1dqj_B:A|C,8,0,1,0,1
1dqj_B:A|C,9,0,0,0,0
1dqj_B:A|C,10,0,0,0,0
1dqj_B:A|C,11,0,1,0,1
1dqj_B:A|C,12,0,0,0,0
1dqj_B:A|C,13,0,0,0,0
1dqj_B:A|C,14,0,1,0,1
5o1r_I:M|B,0,0,0,2,3
5o1r_I:M|B,1,0,1,2,4
5o1r_I:M|B,2,0,0,2,4
6nip_A:B|E,0,0,0,0,1
6nip_A:B|E,1,0,0,0,3
1p2c_B:A|C,0,0,0,0,1
1p2c_B:A|C,1,0,0,0,1
1p2c_B:A|C,2,0,0,0,1
1p2c_B:A|C,3,0,0,0,1
1p2c_B:A|C,4,0,0,0,1
1p2c_B:A|C,5,0,0,0,1
1p2c_B:A|C,6,0,0,0,1
1p2c_B:A|C,7,0,0,0,1
1p2c_B:A|C,8,0,0,0,1
1p2c_B:A|C,9,0,0,0,1
6rcu_B:C|A,0,0,0,2,7
6rcu_B:C|A,1,0,0,2,7
1bvk_B:A|C,0,0,0,0,1
1bvk_B:A|C,1,0,0,0,1
1bvk_B:A|C,2,0,0,0,1
1bvk_B:A|C,3,0,0,0,1
1bvk_B:A|C,4,0,0,0,1
1bvk_B:A|C,5,0,0,0,1
1bvk_B:A|C,6,0,0,0,1
1bvk_B:A|C,7,0,0,0,1
1bvk_B:A|C,8,0,0,0,1
1bvk_B:A|C,9,0,0,0,1
1nbz_B:A|C,0,0,0,0,0
1nbz_B:A|C,1,0,0,0,0
1nbz_B:A|C,2,0,1,0,1
1nbz_B:A|C,3,0,0,0,0
1nbz_B:A|C,4,0,0,0,0
1nbz_B:A|C,5,0,1,0,1
1nbz_B:A|C,6,0,0,0,0
1nbz_B:A|C,7,0,0,0,0
1nbz_B:A|C,8,0,1,0,1
1nbz_B:A|C,9,0,0,0,0
1nbz_B:A|C,10,0,0,0,0
1nbz_B:A|C,11,0,1,0,1
1nbz_B:A|C,12,0,0,0,0
1nbz_B:A|C,13,0,0,0,0
1nbz_B:A|C,14,0,1,0,1
3bt2_H:L|U,0,0,0,0,2
1g7j_B:A|C,0,0,0,0,0
1g7j_B:A|C,1,0,0,0,0
1g7j_B:A|C,2,0,0,0,0
1g7j_B:A|C,3,0,0,0,0
1g7j_B:A|C,4,0,0,0,0
1g7j_B:A|C,5,0,0,0,0
1g7j_B:A|C,6,0,0,0,0
1g7j_B:A|C,7,0,0,0,0
1g7j_B:A|C,8,0,0,0,0
1g7j_B:A|C,9,0,0,0,0
1g7j_B:A|C,10,0,0,0,0
1g7j_B:A|C,11,0,0,0,0
1g7j_B:A|C,12,0,0,0,0
1g7j_B:A|C,13,0,0,0,0
1g7j_B:A|C,14,0,0,0,0
1g7j_B:A|C,15,0,0,0,0
1g7j_B:A|C,16,0,0,0,0
1g7j_B:A|C,17,0,0,0,0
1g7j_B:A|C,18,0,0,0,0
1g7j_B:A|C,19,0,0,0,0
3p11_H:L|A,0,0,0,2,6
3p11_H:L|A,1,0,0,2,6
3p11_H:L|A,2,0,0,1,6
3p11_H:L|A,3,0,0,1,6
2nz9_F:E|B,0,0,1,0,3
2nz9_F:E|B,4,0,1,0,2
1s78_D:C|A,0,0,0,0,3
1s78_D:C|A,1,0,0,0,4
1s78_D:C|A,2,0,0,0,4
1s78_D:C|A,3,0,0,0,3
1s78_D:C|A,4,0,0,0,2
3rvx_D:C|A,0,0,0,1,4
3rvx_D:C|A,1,0,0,1,2
3rvx_D:C|A,2,0,0,1,4
3rvx_D:C|A,3,0,0,1,2
3rvx_D:C|A,4,0,1,1,6
3rvx_D:C|A,5,0,1,1,4
5vco_D:C|E,0,0,0,0,2
5vco_D:C|E,1,0,0,0,2
5vco_D:C|E,2,0,0,0,4
4rfn_B:C|A,0,0,2,0,8
4rfn_B:C|A,1,0,2,0,8
4rfn_B:C|A,2,0,2,0,7
4rfn_B:C|A,3,0,2,0,7
4rfn_B:C|A,4,0,2,0,9
4rfn_B:C|A,5,0,2,0,9
4rfn_B:C|A,6,0,3,0,8
4rfn_B:C|A,7,0,3,0,8
4rfn_B:C|A,8,0,2,0,9
4rfn_B:C|A,9,0,2,0,9
4rfn_B:C|A,10,0,2,0,8
4rfn_B:C|A,11,0,2,0,8
4rfn_B:C|A,12,0,2,0,9
4rfn_B:C|A,13,0,2,0,9
4rfn_B:C|A,14,0,2,0,8
4rfn_B:C|A,15,0,2,0,8
4rfn_B:C|A,16,0,2,0,8
4rfn_B:C|A,17,0,2,0,8
4rfn_B:C|A,18,0,2,0,7
4rfn_B:C|A,19,0,2,0,7
6pz8_H:L|B,0,0,0,0,5
6pz8_H:L|B,1,0,0,0,4
6pz8_H:L|B,2,0,0,0,5
6pz8_H:L|B,3,0,0,0,5
6pz8_H:L|B,12,0,0,0,5
6pz8_H:L|B,13,0,0,0,4
6pz8_H:L|B,14,0,0,0,5
6pz8_H:L|B,15,0,0,0,5
3rvw_D:C|A,0,0,0,1,4
3rvw_D:C|A,1,0,0,1,2
3rvw_D:C|A,2,0,0,1,4
3rvw_D:C|A,3,0,0,1,2
3rvw_D:C|A,4,0,1,1,6
3rvw_D:C|A,5,0,1,1,4
5gs0_F:E|B,0,0,1,1,5
5gs0_F:E|B,1,0,1,1,6
5gs0_F:E|B,2,0,1,1,6
5gs0_F:E|B,3,0,1,1,7
5if0_A:B|I,0,3,0,0,7
4etq_A:B|X,0,1,1,1,5
3eoa_B:A|J,0,0,0,0,4
3eoa_B:A|J,1,0,0,0,2
3eoa_B:A|J,2,0,0,0,3
3eoa_B:A|J,3,0,0,0,3
3eoa_B:A|J,4,0,0,0,3
5vl3_E:F|T,0,0,0,0,2
5vl3_E:F|T,1,0,1,0,3
5vl3_E:F|T,2,0,0,0,4
5vl3_E:F|T,3,0,1,0,5
5cd5_C:D|A,0,0,1,0,5
5cd5_C:D|A,1,0,1,0,5
5cd5_C:D|A,2,0,1,0,5
5cd5_C:D|A,3,0,1,0,5
5cd5_C:D|A,4,0,1,0,6
5cd5_C:D|A,5,0,1,0,6
5cd5_C:D|A,6,0,1,0,6
5cd5_C:D|A,7,0,1,0,6
5cd5_C:D|A,8,0,1,0,6
5cd5_C:D|A,9,0,1,0,6
5cd5_C:D|A,10,0,1,0,6
5cd5_C:D|A,11,0,1,0,6
5cd5_C:D|A,12,0,1,0,6
5cd5_C:D|A,13,0,1,0,6
5cd5_C:D|A,14,0,1,0,6
5cd5_C:D|A,15,0,1,0,6
5cd5_C:D|A,16,0,1,0,5
5cd5_C:D|A,17,0,1,0,5
5cd5_C:D|A,18,0,1,0,5
5cd5_C:D|A,19,0,1,0,5
1kir_B:A|C,0,0,0,0,0
1kir_B:A|C,1,0,0,0,0
1kir_B:A|C,2,0,0,0,0
1kir_B:A|C,3,0,0,0,0
1kir_B:A|C,4,0,0,0,0
1kir_B:A|C,5,0,0,0,0
1kir_B:A|C,6,0,0,0,0
1kir_B:A|C,7,0,0,0,0
1kir_B:A|C,8,0,0,0,0
1kir_B:A|C,9,0,0,0,0
1kir_B:A|C,10,0,0,0,0
1kir_B:A|C,11,0,0,0,0
1kir_B:A|C,12,0,0,0,0
1kir_B:A|C,13,0,0,0,0
1kir_B:A|C,14,0,0,0,0
1kir_B:A|C,15,0,0,0,0
1kir_B:A|C,16,0,0,0,0
1kir_B:A|C,17,0,0,0,0
1kir_B:A|C,18,0,0,0,0
1kir_B:A|C,19,0,0,0,0
6qb6_H:L|A,0,0,0,0,7
6qb6_H:L|A,1,0,1,0,8
6qb6_H:L|A,2,0,0,0,6
6qb6_H:L|A,3,0,0,0,6
6qb6_H:L|A,4,0,1,0,9
6qb6_H:L|A,5,0,2,0,9
1p2c_E:D|F,0,0,0,0,1
1p2c_E:D|F,1,0,0,0,1
1p2c_E:D|F,2,0,0,0,1
1p2c_E:D|F,3,0,0,0,1
1p2c_E:D|F,4,0,0,0,1
1p2c_E:D|F,5,0,0,0,1
1p2c_E:D|F,6,0,0,0,1
1p2c_E:D|F,7,0,0,0,1
1p2c_E:D|F,8,0,0,0,1
1p2c_E:D|F,9,0,0,0,1
4h8w_H:L|G,0,0,0,0,7
4h8w_H:L|G,1,0,0,0,7
4h8w_H:L|G,2,0,0,0,7
4h8w_H:L|G,3,0,0,0,7
4h8w_H:L|G,4,0,0,0,8
4h8w_H:L|G,5,0,0,0,8
4h8w_H:L|G,6,0,0,0,8
4h8w_H:L|G,7,0,0,0,8
4h8w_H:L|G,8,0,0,0,8
4h8w_H:L|G,9,0,0,0,8
4h8w_H:L|G,10,0,0,0,8
4h8w_H:L|G,11,0,0,0,8
4h8w_H:L|G,12,0,0,0,8
4h8w_H:L|G,13,0,0,0,8
4h8w_H:L|G,14,0,0,0,8
4h8w_H:L|G,15,0,0,0,8
4h8w_H:L|G,16,0,0,0,7
4h8w_H:L|G,17,0,0,0,7
4h8w_H:L|G,18,0,0,0,7
4h8w_H:L|G,19,0,0,0,7
2vxt_H:L|I,0,0,0,0,0
2vxt_H:L|I,1,0,0,0,0
2vxt_H:L|I,2,0,0,0,1
2vxt_H:L|I,3,0,0,0,1
2vxt_H:L|I,4,0,0,0,0
2vxt_H:L|I,5,0,0,0,0
2vxt_H:L|I,6,0,0,0,0
2vxt_H:L|I,7,0,0,0,0
5ggr_A:B|Y,0,0,1,1,5
5ggr_A:B|Y,1,0,1,1,4
5ggr_A:B|Y,2,0,1,1,3
5ggr_A:B|Y,3,1,2,1,7
3ulv_D:C|A,0,0,1,1,5
3ulv_D:C|A,1,0,0,1,6
3ulv_D:C|A,2,0,1,1,6
3ulv_D:C|A,3,0,0,1,7
5fec_A:B|D,0,0,1,0,6
5fec_A:B|D,1,0,1,0,6
3lev_H:L|A,0,1,0,0,4
3lev_H:L|A,1,1,0,0,5
3ulu_H:L|A,0,0,0,1,2
3ulu_H:L|A,1,0,0,1,2
3ulu_H:L|A,2,0,0,1,2
3ulu_H:L|A,3,0,0,1,2
3ulu_H:L|A,4,0,0,1,4
3ulu_H:L|A,5,0,0,1,3
3ulu_H:L|A,6,0,0,1,3
3ulu_H:L|A,7,0,0,1,3
3ulu_H:L|A,8,0,0,1,3
3ulu_H:L|A,9,0,0,1,5
5vpg_D:C|A,0,0,0,1,4
5vpg_D:C|A,1,0,0,1,2
5vpg_D:C|A,2,0,0,1,4
5vpg_D:C|A,3,0,0,1,2
5vpg_D:C|A,4,0,1,1,6
5vpg_D:C|A,5,0,1,1,4
5ugy_H:L|A,0,0,1,0,4
5ugy_H:L|A,1,0,1,0,7
4i2x_B:A|E,0,0,2,0,6
4i2x_B:A|E,1,0,2,0,5
5vpl_D:C|A,0,0,0,1,3
5vpl_D:C|A,1,0,0,1,1
5vpl_D:C|A,2,0,0,1,3
5vpl_D:C|A,3,0,0,1,1
5vpl_D:C|A,4,0,0,1,3
5vpl_D:C|A,5,0,0,1,1
5vpl_D:C|A,6,0,0,1,3
5vpl_D:C|A,7,0,0,1,1
5vpl_D:C|A,10,0,0,1,4
5vpl_D:C|A,11,0,0,1,2
4pp2_D:C|E,0,0,0,0,2
4pp2_D:C|E,1,0,0,0,2
4pp2_D:C|E,2,0,0,0,4
5tru_h:l|c,0,0,0,0,3
6niu_M:N|E,0,0,0,0,3
3w9e_A:B|C,0,0,4,2,8
3w9e_A:B|C,1,0,3,2,6
3w9e_A:B|C,2,0,4,2,8
3w9e_A:B|C,3,0,3,2,6
5vph_D:C|A,0,0,0,1,4
5vph_D:C|A,1,0,0,1,2
5vph_D:C|A,2,0,0,1,4
5vph_D:C|A,3,0,0,1,2
5vph_D:C|A,4,0,1,1,6
5vph_D:C|A,5,0,1,1,4
5ies_H:L|C,0,3,0,0,7
4rfn_H:L|G,0,0,2,0,8
4rfn_H:L|G,1,0,2,0,8
4rfn_H:L|G,2,0,2,0,7
4rfn_H:L|G,3,0,2,0,7
4rfn_H:L|G,4,0,2,0,9
4rfn_H:L|G,5,0,2,0,9
4rfn_H:L|G,6,0,2,0,8
4rfn_H:L|G,7,0,2,0,8
4rfn_H:L|G,8,0,2,0,9
4rfn_H:L|G,9,0,2,0,9
4rfn_H:L|G,10,0,2,0,8
4rfn_H:L|G,11,0,2,0,8
4rfn_H:L|G,12,0,2,0,9
4rfn_H:L|G,13,0,2,0,9
4rfn_H:L|G,14,0,2,0,8
4rfn_H:L|G,15,0,2,0,8
4rfn_H:L|G,16,0,2,0,8
4rfn_H:L|G,17,0,2,0,8
4rfn_H:L|G,18,0,2,0,7
4rfn_H:L|G,19,0,2,0,7
1fdl_H:L|Y,0,0,0,0,0
1fdl_H:L|Y,1,0,0,0,0
1fdl_H:L|Y,2,0,0,0,0
1fdl_H:L|Y,3,0,0,0,0
1fdl_H:L|Y,4,0,0,0,0
1fdl_H:L|Y,5,0,0,0,0
1fdl_H:L|Y,6,0,0,0,0
1fdl_H:L|Y,7,0,0,0,0
1fdl_H:L|Y,8,0,0,0,0
1fdl_H:L|Y,9,0,0,0,0
1fdl_H:L|Y,10,0,0,0,0
1fdl_H:L|Y,11,0,0,0,0
1fdl_H:L|Y,12,0,0,0,0
1fdl_H:L|Y,13,0,0,0,0
1fdl_H:L|Y,14,0,0,0,0
1fdl_H:L|Y,15,0,0,0,0
1fdl_H:L|Y,16,0,0,0,0
1fdl_H:L|Y,17,0,0,0,0
1fdl_H:L|Y,18,0,0,0,0
1fdl_H:L|Y,19,0,0,0,0
1fdl_H:L|Y,20,0,1,0,1
1fdl_H:L|Y,21,0,1,0,1
1fdl_H:L|Y,22,0,1,0,1
1fdl_H:L|Y,23,0,1,0,1
1fdl_H:L|Y,24,0,1,0,1
4g6m_H:L|A,0,0,0,0,0
4g6m_H:L|A,1,0,0,0,1
4g6m_H:L|A,2,0,2,0,4
4g6m_H:L|A,3,0,0,0,2
4g6m_H:L|A,4,0,0,0,1
5c7x_M:N|B,0,0,3,1,5
5c7x_M:N|B,1,0,3,1,5
1bvk_E:D|F,0,0,0,0,1
1bvk_E:D|F,1,0,0,0,1
1bvk_E:D|F,2,0,0,0,1
1bvk_E:D|F,3,0,0,0,1
1bvk_E:D|F,4,0,0,0,1
1bvk_E:D|F,5,0,0,0,1
1bvk_E:D|F,6,0,0,0,1
1bvk_E:D|F,7,0,0,0,1
1bvk_E:D|F,8,0,1,0,2
1bvk_E:D|F,9,0,1,0,2
5ezo_H:L|A,0,1,0,0,6
5ezo_H:L|A,1,1,0,0,6
5ezo_H:L|A,2,1,0,0,6
5ezo_H:L|A,3,1,0,0,6
5ezo_H:L|A,4,1,0,0,5
5ezo_H:L|A,5,1,0,0,5
5ezo_H:L|A,6,1,0,0,5
5ezo_H:L|A,7,1,0,0,5
5ezo_H:L|A,8,1,0,0,4
5ezo_H:L|A,9,1,0,0,4
5ezo_H:L|A,10,1,0,0,4
5ezo_H:L|A,11,1,0,0,4
5ezo_H:L|A,12,1,0,0,4
5ezo_H:L|A,13,1,0,0,4
5ezo_H:L|A,14,1,0,0,4
5ezo_H:L|A,15,1,0,0,4
4ot1_H:L|A,0,1,2,0,7
6pxh_H:L|B,0,0,0,0,5
6pxh_H:L|B,1,0,0,0,4
6pxh_H:L|B,2,0,0,0,5
6pxh_H:L|B,3,0,0,0,5
6b0s_H:L|C,0,0,0,0,4
6b0s_H:L|C,1,0,0,0,4
6b0s_H:L|C,2,0,0,0,4
6b0s_H:L|C,3,0,0,0,4
6b0s_H:L|C,4,0,0,0,4
5if0_H:L|G,0,3,0,0,7
4ogy_M:N|B,0,3,1,0,7
4ogy_M:N|B,1,3,2,1,8
4ogy_M:N|B,2,3,1,0,7
4ogy_M:N|B,3,3,2,0,11
4ogy_M:N|B,4,3,2,1,9
5ugy_J:N|E,0,0,1,0,4
5ugy_J:N|E,1,0,1,0,7
6c6y_A:B|S,0,0,0,0,5
6c6y_A:B|S,1,0,0,0,4
6c6y_A:B|S,2,0,0,0,4
6c6y_A:B|S,3,0,0,0,4
6c6y_A:B|S,4,0,0,0,4
6c6y_A:B|S,5,0,0,0,3
6c6y_A:B|S,6,0,0,0,3
6c6y_A:B|S,7,0,0,0,3
6rcu_E:D|A,0,2,1,3,10
3eob_B:A|J,0,0,0,0,4
3eob_B:A|J,1,0,0,0,3
3eob_B:A|J,2,0,0,0,3
3eob_B:A|J,3,0,0,0,3
3eob_B:A|J,4,0,0,0,2
3u4e_H:L|G,0,1,1,3,11
3u4e_H:L|G,1,1,1,3,11
3u4e_H:L|G,2,1,1,3,11
3u4e_H:L|G,3,1,2,3,11
1wej_H:L|F,0,0,0,0,0
1wej_H:L|F,1,0,0,0,0
1wej_H:L|F,2,0,0,0,0
1wej_H:L|F,3,0,0,0,0
3u2s_H:L|G,0,0,1,3,11
3u2s_H:L|G,1,0,1,3,11
3u2s_H:L|G,2,0,1,3,11
3u2s_H:L|G,3,0,1,3,11
6al0_H:L|A,0,0,4,2,7
6al0_H:L|A,1,0,4,2,7
5nh3_H:L|A,0,1,1,1,6
5nh3_H:L|A,1,0,2,1,6
1xgt_B:A|C,0,0,0,0,0
1xgt_B:A|C,1,0,0,0,0
1xgt_B:A|C,2,0,1,0,1
1xgt_B:A|C,3,0,0,0,0
1xgt_B:A|C,4,0,0,0,0
1xgt_B:A|C,5,0,1,0,1
1xgt_B:A|C,6,0,0,0,1
1xgt_B:A|C,7,0,0,0,1
1xgt_B:A|C,8,0,1,0,2
1xgt_B:A|C,9,0,0,0,0
1xgt_B:A|C,10,0,0,0,0
1xgt_B:A|C,11,0,1,0,1
1xgt_B:A|C,12,0,0,0,0
1xgt_B:A|C,13,0,0,0,0
1xgt_B:A|C,14,0,1,0,1
3jab_Q:R|O,0,0,0,0,2
3jab_Q:R|O,1,0,0,0,2
3jab_Q:R|O,2,0,0,0,2
3jab_Q:R|O,3,0,0,0,2
3jab_Q:R|O,4,0,0,0,2
3jab_Q:R|O,5,0,0,0,2
3jab_Q:R|O,6,0,0,0,2
3jab_Q:R|O,7,0,0,0,2
3wih_H:L|A,0,1,0,0,3
3wih_H:L|A,1,1,0,0,3
1ahw_B:A|C,0,0,0,0,3
1ahw_B:A|C,1,1,2,0,7
3ulu_F:E|A,0,0,0,1,6
3ulu_F:E|A,1,0,0,1,5
3ulu_F:E|A,2,0,0,1,6
3ulu_F:E|A,3,0,0,1,6
3ulu_F:E|A,4,0,0,1,5
3ulu_F:E|A,5,0,0,1,4
3ulu_F:E|A,6,0,0,1,5
3ulu_F:E|A,7,0,0,1,5
3ulv_F:E|A,0,0,0,1,6
3ulv_F:E|A,1,0,0,1,5
3ulv_F:E|A,2,0,0,1,6
3ulv_F:E|A,3,0,0,1,6
3ulv_F:E|A,4,0,0,1,5
3ulv_F:E|A,5,0,0,1,4
3ulv_F:E|A,6,0,0,1,5
3ulv_F:E|A,7,0,0,1,5
5vgj_H:L|G,0,1,0,3,8
3u4e_A:B|J,0,1,2,3,11
3u4e_A:B|J,1,1,2,3,11
3u4e_A:B|J,2,1,2,3,11
3u4e_A:B|J,3,3,4,3,11
3l5w_H:L|I,0,0,0,0,3
3l5w_H:L|I,1,0,0,0,3
4k24_H:L|U,0,0,0,0,5
6s3t_E:I|T,0,0,1,3,8
6s3t_E:I|T,1,0,1,3,9
6s3t_E:I|T,2,0,1,3,8
6s3t_E:I|T,3,0,1,3,9
6s3t_E:I|T,4,0,1,3,12
6s3t_E:I|T,5,0,1,3,13
6s3t_E:I|T,6,0,1,3,8
6s3t_E:I|T,7,0,1,3,9
6s3t_E:I|T,8,0,1,3,8
6s3t_E:I|T,9,0,1,3,9
6s3t_E:I|T,10,0,1,3,11
6s3t_E:I|T,11,0,1,3,12
5c7x_H:L|A,0,0,3,1,5
5c7x_H:L|A,1,0,3,1,5
1xgu_B:A|C,0,0,0,0,0
1xgu_B:A|C,1,0,0,0,0
1xgu_B:A|C,2,0,1,0,1
1xgu_B:A|C,3,0,0,0,0
1xgu_B:A|C,4,0,0,0,0
1xgu_B:A|C,5,0,1,0,1
1xgu_B:A|C,6,0,0,0,1
1xgu_B:A|C,7,0,0,0,1
1xgu_B:A|C,8,0,1,0,2
1xgu_B:A|C,9,0,0,0,0
1xgu_B:A|C,10,0,0,0,0
1xgu_B:A|C,11,0,1,0,1
1xgu_B:A|C,12,0,0,0,0
1xgu_B:A|C,13,0,0,0,0
1xgu_B:A|C,14,0,1,0,1
6k65_H:L|A,0,0,1,1,4
6k65_H:L|A,1,0,1,1,4
3wih_I:M|B,0,1,0,0,3
3wih_I:M|B,1,1,0,0,3
3g6d_H:L|A,0,0,0,0,2
3g6d_H:L|A,1,0,0,0,2
6rcv_C:B|A,0,1,2,2,8
5w06_H:L|T,0,0,0,0,5
5w06_H:L|T,1,1,1,0,9
4pp2_B:A|F,0,0,0,0,4
4pp2_B:A|F,1,0,0,0,2
4pp2_B:A|F,2,0,0,0,2
5bvp_H:L|I,0,0,1,0,1
5bvp_H:L|I,1,0,2,0,3
5bvp_H:L|I,2,0,2,0,3
5bvp_H:L|I,3,0,2,0,4
5bvp_H:L|I,4,0,2,0,3
5bvp_H:L|I,5,0,1,0,4
5bvp_H:L|I,6,0,2,0,6
5bvp_H:L|I,7,0,2,0,6
5bvp_H:L|I,8,0,2,0,7
5bvp_H:L|I,9,0,2,0,6
5bvp_H:L|I,10,0,0,0,1
5bvp_H:L|I,11,0,1,0,3
5bvp_H:L|I,12,0,1,0,3
5bvp_H:L|I,13,0,1,0,4
5bvp_H:L|I,14,0,1,0,3
5bvp_H:L|I,15,0,1,0,2
5bvp_H:L|I,16,0,2,0,4
5bvp_H:L|I,17,0,2,0,4
5bvp_H:L|I,18,0,2,0,5
5bvp_H:L|I,19,0,2,0,4
5bvp_H:L|I,20,0,0,0,1
5bvp_H:L|I,21,0,1,0,3
5bvp_H:L|I,22,0,1,0,3
5bvp_H:L|I,23,0,1,0,4
5bvp_H:L|I,24,0,1,0,3
4o5i_Q:R|E,0,0,0,0,4
4o5i_Q:R|E,1,0,0,0,4
4jpk_H:L|A,0,0,1,1,4
4jpk_H:L|A,1,1,1,1,6
4jpk_H:L|A,2,1,1,1,5
4jpk_H:L|A,3,2,1,1,7
4jpk_H:L|A,4,2,1,1,6
4jpk_H:L|A,5,2,2,1,8
4jpk_H:L|A,6,3,1,1,7
4jpk_H:L|A,7,3,2,1,9
1xgp_B:A|C,0,0,0,0,0
1xgp_B:A|C,1,0,0,0,0
1xgp_B:A|C,2,0,1,0,1
1xgp_B:A|C,3,0,1,0,1
1xgp_B:A|C,4,0,1,0,1
1xgp_B:A|C,5,0,2,0,2
1xgp_B:A|C,6,0,0,0,0
1xgp_B:A|C,7,0,0,0,0
1xgp_B:A|C,8,0,1,0,1
1xgp_B:A|C,9,0,0,0,0
1xgp_B:A|C,10,0,0,0,0
1xgp_B:A|C,11,0,1,0,1
1xgp_B:A|C,12,0,0,0,0
1xgp_B:A|C,13,0,0,0,0
1xgp_B:A|C,14,0,1,0,1
1xgp_B:A|C,15,0,0,0,0
1xgp_B:A|C,16,0,0,0,0
1xgp_B:A|C,17,0,1,0,1
1xgp_B:A|C,18,0,0,0,0
1xgp_B:A|C,19,0,0,0,0
1xgp_B:A|C,20,0,1,0,1
6a4k_K:O|D,0,0,0,0,0
6a4k_K:O|D,1,0,0,0,0
6a4k_K:O|D,2,0,0,0,0
6a4k_K:O|D,3,0,0,0,0
6a4k_K:O|D,4,0,0,0,1
6a4k_K:O|D,5,0,0,0,1
3rvv_D:C|A,0,0,0,1,1
3rvv_D:C|A,1,0,0,1,3
3rvv_D:C|A,2,0,0,1,1
3rvv_D:C|A,3,0,0,1,3
3rvv_D:C|A,4,0,0,1,1
3rvv_D:C|A,5,0,0,1,3
3rvv_D:C|A,6,0,0,1,1
3rvv_D:C|A,7,0,0,1,3
3rvv_D:C|A,10,0,0,1,2
3rvv_D:C|A,11,0,0,1,4
6rcv_E:D|A,0,2,1,3,10
1kip_B:A|C,0,0,0,0,0
1kip_B:A|C,1,0,0,0,0
1kip_B:A|C,2,0,0,0,0
1kip_B:A|C,3,0,0,0,0
1kip_B:A|C,4,0,0,0,1
1kip_B:A|C,5,0,0,0,1
1kip_B:A|C,6,0,0,0,1
1kip_B:A|C,7,0,0,0,1
1kip_B:A|C,8,0,0,0,0
1kip_B:A|C,9,0,0,0,0
1kip_B:A|C,10,0,0,0,0
1kip_B:A|C,11,0,0,0,0
1kip_B:A|C,12,0,0,0,0
1kip_B:A|C,13,0,0,0,0
1kip_B:A|C,14,0,0,0,0
1kip_B:A|C,15,0,0,0,0
1kip_B:A|C,16,0,0,0,0
1kip_B:A|C,17,0,0,0,0
1kip_B:A|C,18,0,0,0,0
1kip_B:A|C,19,0,0,0,0
1kip_B:A|C,20,0,0,0,0
1kip_B:A|C,21,0,0,0,0
1kip_B:A|C,22,0,0,0,0
1kip_B:A|C,23,0,0,0,0
1kip_B:A|C,24,0,0,0,0
1kip_B:A|C,25,0,0,0,0
1kip_B:A|C,26,0,0,0,0
1kip_B:A|C,27,0,0,0,0
5x0t_C:D|F,0,0,1,2,6
5x0t_C:D|F,1,0,1,2,6
5x0t_C:D|F,2,0,1,2,6
5x0t_C:D|F,3,0,1,2,6
5x0t_C:D|F,4,0,3,2,7
5x0t_C:D|F,5,1,2,2,7
2fd6_H:L|U,0,0,0,0,2
6oge_C:B|A,0,0,0,0,2
6oge_C:B|A,1,0,0,0,3
6oge_C:B|A,2,0,0,0,4
6oge_C:B|A,3,0,0,0,4
6oge_C:B|A,4,0,0,0,3
4s10_B|D,0,0,1,0,1
4s10_B|D,1,0,1,0,2
4s10_B|D,2,0,1,0,3
4s10_B|D,3,0,1,0,2
5hgg_T|A,0,0,0,0,1
5hgg_T|A,1,0,0,0,1
5hgg_T|A,2,1,0,0,1
5hgg_T|A,3,1,0,0,2
5hgg_T|A,4,0,0,0,2
5hgg_T|A,5,0,0,0,2
5hgg_T|A,6,1,0,0,2
5hgg_T|A,7,1,0,0,3
5hgg_T|A,8,0,0,0,1
5hgg_T|A,9,0,0,0,1
5hgg_T|A,10,1,0,0,1
5hgg_T|A,11,1,0,0,2
5hgg_T|A,12,0,0,0,1
5hgg_T|A,13,0,0,0,1
5hgg_T|A,14,1,0,0,1
5hgg_T|A,15,1,0,0,2
5hgg_T|A,16,0,0,0,2
5hgg_T|A,17,0,0,0,2
5hgg_T|A,18,1,0,0,2
5hgg_T|A,19,1,0,0,3
6cwg_D|C,0,0,0,0,2
6cwg_D|C,1,0,0,0,1
6cwg_D|C,2,0,0,0,2
6cwg_D|C,3,0,0,0,2
4xt1_C|A,0,2,2,2,4
5jmo_C|A,0,0,1,0,2
5jmo_C|A,1,0,1,0,2
5jmo_C|A,2,0,1,0,4
5jmo_C|A,3,0,1,0,4
5jmo_C|A,4,0,1,0,4
5jmo_C|A,5,0,1,0,4
5jmo_C|A,6,0,1,0,4
5jmo_C|A,7,0,1,0,4
4s10_A|C,0,0,1,0,1
4s10_A|C,1,0,1,0,2
4s10_A|C,2,0,1,0,3
4s10_A|C,3,0,1,0,2
6jb2_A|B,0,0,0,0,0
6jb2_A|B,1,0,0,0,0
6jb2_A|B,2,0,0,0,0
6jb2_A|B,3,1,0,0,1
6jb2_A|B,4,0,0,0,0
6hhd_D|C,0,0,0,0,0
6hhd_D|C,1,0,0,0,0
6hhd_D|C,2,0,0,0,0
6hhd_D|C,3,0,0,0,0
6cwg_B|A,0,0,0,0,2
6cwg_B|A,1,0,0,0,1
6cwg_B|A,2,0,0,0,2
6cwg_B|A,3,0,0,0,2
4n9o_B|A,0,0,2,1,3
4n9o_B|A,1,0,1,1,3
4n9o_B|A,2,0,1,1,3
4n9o_B|A,3,0,1,1,3
4n9o_B|A,4,0,0,0,0
1zvy_A|B,0,0,0,0,1
1zvy_A|B,1,0,0,0,0
1zvy_A|B,2,0,0,0,0
1zvy_A|B,3,0,0,0,0
1zvy_A|B,4,0,0,0,0
6u54_A|B,0,0,1,0,2
6u54_A|B,1,0,1,0,2
6hhd_B|A,0,0,0,0,0
6hhd_B|A,1,0,0,0,0
5vnw_C|B,0,0,0,1,2
5vnw_C|B,1,0,0,1,2
5vnw_C|B,2,0,0,0,2
5vnw_C|B,3,0,0,0,0
5vnw_C|B,4,0,0,0,0
6jb5_A|B,0,0,0,0,1
6jb5_A|B,1,0,0,0,0
6jb5_A|B,2,0,0,0,0
6jb5_A|B,3,0,0,0,0
6jb5_A|B,4,0,0,0,0
6dbf_B|A,0,0,0,2,3
6dbf_B|A,1,0,0,2,3
6dbf_B|A,2,0,0,1,2
6dbf_B|A,3,0,0,1,2
6dbf_B|A,4,0,0,2,3
6dbf_B|A,5,0,0,2,3
6dbf_B|A,6,0,0,1,1
6dbf_B|A,7,0,0,1,1
6dbf_B|A,8,0,0,2,3
6dbf_B|A,9,0,0,2,3
5hgg_S|B,0,0,0,0,1
5hgg_S|B,1,0,0,0,1
5hgg_S|B,2,1,0,0,1
5hgg_S|B,3,1,0,0,2
5hgg_S|B,4,0,0,0,2
5hgg_S|B,5,0,0,0,2
5hgg_S|B,6,1,0,0,2
5hgg_S|B,7,1,0,0,3
5hgg_S|B,8,0,0,0,1
5hgg_S|B,9,0,0,0,1
5hgg_S|B,10,1,0,0,1
5hgg_S|B,11,1,0,0,2
5hgg_S|B,12,0,0,0,1
5hgg_S|B,13,0,0,0,1
5hgg_S|B,14,1,0,0,1
5hgg_S|B,15,1,0,0,2
5hgg_S|B,16,0,0,0,1
5hgg_S|B,17,0,0,0,1
5hgg_S|B,18,1,0,0,1
5hgg_S|B,19,1,0,0,2
6dbg_C|B,0,0,0,2,3
6dbg_C|B,1,0,0,2,3
6dbg_C|B,2,0,0,1,2
6dbg_C|B,3,0,0,1,2
6dbg_C|B,4,0,0,2,3
6dbg_C|B,5,0,0,2,3
6dbg_C|B,6,0,0,1,1
6dbg_C|B,7,0,0,1,1
6dbg_C|B,8,0,0,2,3
6dbg_C|B,9,0,0,2,3
5vnw_D|A,0,0,0,1,2
5vnw_D|A,1,0,0,1,2
5vnw_D|A,2,0,0,0,2
5vnw_D|A,3,0,0,0,0
5vnw_D|A,4,0,0,0,0
6jb8_A|B,0,0,0,0,1
6jb8_A|B,1,0,0,0,0
6jb8_A|B,2,0,0,0,0
6jb8_A|B,3,0,0,0,0
6jb8_A|B,4,0,0,0,0
5sv3_C|D,0,0,0,0,4
5sv3_C|D,1,0,0,0,4
5sv3_C|D,2,0,0,0,4
5sv3_C|D,3,0,0,0,4
5sv3_C|D,4,0,0,0,5
5sv3_C|D,5,0,0,0,5
5jmo_D|B,0,0,1,0,2
5jmo_D|B,1,0,1,0,2
5jmo_D|B,2,0,1,0,4
5jmo_D|B,3,0,1,0,4
5jmo_D|B,4,0,1,0,4
5jmo_D|B,5,0,1,0,4
5jmo_D|B,6,0,1,0,4
5jmo_D|B,7,0,1,0,4
6her_B|A,0,0,0,0,0
6her_B|A,1,0,0,0,0
6her_B|A,2,0,0,0,0
5sv3_A|B,0,0,0,0,4
5sv3_A|B,1,0,0,0,4
5sv3_A|B,2,0,0,0,4
5sv3_A|B,3,0,0,0,4
5sv3_A|B,4,0,0,0,5
5sv3_A|B,5,0,0,0,5
6k67_A|B,0,0,2,0,4
6k67_A|B,1,0,2,0,4
6k67_A|B,2,0,2,0,4
6k67_A|B,3,0,2,0,4
6k67_A|B,4,0,0,0,3
6k67_A|B,5,0,1,0,3
6k67_A|B,6,0,3,0,4
6k67_A|B,7,0,4,0,4
6k67_A|B,8,0,1,0,3
6k67_A|B,9,0,1,0,3
6k67_A|B,10,0,0,0,3
6k67_A|B,11,0,1,0,3
6k67_A|B,12,3,2,0,9
6k67_A|B,13,3,3,0,9
6k67_C|D,0,0,2,0,4
6k67_C|D,1,0,2,0,4
6k67_C|D,2,0,2,0,4
6k67_C|D,3,0,2,0,4
6k67_C|D,4,0,1,0,3
6k67_C|D,5,0,1,0,3
6k67_C|D,6,0,3,0,4
6k67_C|D,7,0,4,0,4
6k67_C|D,8,0,1,0,3
6k67_C|D,9,0,1,0,3
6k67_C|D,10,0,1,0,3
6k67_C|D,11,0,1,0,3
6k67_C|D,12,3,2,0,9
6k67_C|D,13,3,3,0,9
