candidate_name,type,pdb_id_b,ab_chain_ids_b,ag_chain_ids_b,ab_pdb_id_u,ab_chain_ids_u,ag_pdb_id_u,ag_chain_ids_u,ab_mismatches_cnt,ag_mismatches_cnt,small_molecules_message,in_between_gaps,one_side_gaps,long_gaps,total_gaps
5vco_B+A|F_1,U:U,5VCO,B:A,F,4POZ,D:C,3F5V,A,0,1,NA,0,0,0,0,0,0,0,2
5vco_B+A|F_2,U:U,5VCO,B:A,F,4POZ,D:C,3F5V,B,0,1,small molecules with 7 < n_atoms <= 15 detected,0,0,0,0,0,0,0,2
5vco_D+C|E_0,U:U,5VCO,D:C,E,4POZ,D:C,3F5V,A,0,1,NA,0,0,0,0,0,0,0,2
5vco_D+C|E_1,U:U,5VCO,D:C,E,4POZ,D:C,3F5V,B,0,1,small molecules with 7 < n_atoms <= 15 detected,0,0,0,0,0,0,0,2
5vco_D+C|E_2,U:U,5VCO,D:C,E,4POZ,D:C,1XKG,A,0,2,NA,0,0,0,0,0,0,0,4
4pp2_D+C|E_0,U:U,4PP2,D:C,E,4POZ,D:C,3F5V,A,0,1,NA,0,0,0,0,0,0,0,2
4pp2_D+C|E_1,U:U,4PP2,D:C,E,4POZ,D:C,3F5V,B,0,1,small molecules with 7 < n_atoms <= 15 detected,0,0,0,0,0,0,0,2
4pp2_D+C|E_2,U:U,4PP2,D:C,E,4POZ,D:C,1XKG,A,0,2,NA,0,0,0,0,0,0,0,4
4pp2_B+A|F_0,U:U,4PP2,B:A,F,4POZ,D:C,3F5V,A,0,1,NA,0,0,0,0,0,0,0,2
4pp2_B+A|F_1,U:U,4PP2,B:A,F,4POZ,D:C,3F5V,B,0,1,small molecules with 7 < n_atoms <= 15 detected,0,0,0,0,0,0,0,2
4pp2_B+A|F_2,U:U,4PP2,B:A,F,4POZ,D:C,1XKG,A,0,2,NA,0,0,0,0,0,0,0,4
