comp_name,candidate_type,pdb_id_b,ab_chain_ids_b,ag_chain_ids_b,ab_pdb_id_u,ab_chain_ids_u,ag_pdb_id_u,ag_chain_ids_u,ab_mismatches_cnt,ag_mismatches_cnt,small_molecules_message,in_between_gaps,one_side_gaps,long_gaps
6hx4_H+L|B,U:U,1,6HX4,H:L,B,6GXX,H:L,3NE4,A,0,0,NA,0,0,1,5
6hx4_H+L|B,U:U,2,6HX4,H:L,B,6GXX,H:L,5NBV,A,0,9,NA,0,0,0,5
6hx4_H+L|B,U:U,3,6HX4,H:L,B,6GXX,H:L,6I4V,A,0,2,small molecules with 7 < n_atoms <= 15 detected,0,0,1,4
6hx4_H+L|B,U:U,4,6HX4,H:L,B,6GXX,H:L,6I7U,A,0,1,NA,0,0,1,4
6hx4_I+M|A,U:U,0,6HX4,I:M,A,6GXX,H:L,5NBU,A,0,8,NA,0,0,0,0
6hx4_I+M|A,U:U,1,6HX4,I:M,A,6GXX,H:L,3NE4,A,0,0,NA,0,0,0,0
6hx4_I+M|A,U:U,2,6HX4,I:M,A,6GXX,H:L,5NBV,A,0,9,NA,0,0,0,0
6hx4_I+M|A,U:U,3,6HX4,I:M,A,6GXX,H:L,6I7U,A,0,1,NA,0,0,0,0
6hx4_I+M|A,U:U,4,6HX4,I:M,A,6GXX,H:L,6I4V,A,0,2,small molecules with 7 < n_atoms <= 15 detected,0,0,0,0
